filename	duration
00.wav	10.0
01.wav	10.0
03.wav	10.0
05.wav	10.0
1003.wav	10.0
1007.wav	10.0
1009.wav	10.0
101.wav	10.0
1016.wav	10.0
1019.wav	10.0
102.wav	10.0
1020.wav	10.0
1031.wav	10.0
1032.wav	10.0
1034.wav	10.0
1037.wav	10.0
1039.wav	10.0
1041.wav	10.0
1042.wav	10.0
1044.wav	10.0
1045.wav	10.0
1048.wav	10.0
105.wav	10.0
1050.wav	10.0
1055.wav	10.0
106.wav	10.0
1060.wav	10.0
1062.wav	10.0
1065.wav	10.0
1069.wav	10.0
1070.wav	10.0
1072.wav	10.0
1074.wav	10.0
1075.wav	10.0
1081.wav	10.0
1083.wav	10.0
1084.wav	10.0
1086.wav	10.0
1087.wav	10.0
109.wav	10.0
1091.wav	10.0
1092.wav	10.0
1093.wav	10.0
1097.wav	10.0
1099.wav	10.0
110.wav	10.0
1102.wav	10.0
1103.wav	10.0
1105.wav	10.0
1106.wav	10.0
1107.wav	10.0
1108.wav	10.0
1110.wav	10.0
1111.wav	10.0
1112.wav	10.0
1114.wav	10.0
1118.wav	10.0
112.wav	10.0
1120.wav	10.0
1121.wav	10.0
1122.wav	10.0
1125.wav	10.0
1128.wav	10.0
1129.wav	10.0
1130.wav	10.0
1131.wav	10.0
1132.wav	10.0
1133.wav	10.0
1134.wav	10.0
1138.wav	10.0
1141.wav	10.0
1142.wav	10.0
1144.wav	10.0
1148.wav	10.0
1149.wav	10.0
115.wav	10.0
1150.wav	10.0
1152.wav	10.0
1155.wav	10.0
1160.wav	10.0
1164.wav	10.0
117.wav	10.0
1170.wav	10.0
1171.wav	10.0
1172.wav	10.0
1176.wav	10.0
118.wav	10.0
1180.wav	10.0
1181.wav	10.0
1182.wav	10.0
1183.wav	10.0
1184.wav	10.0
1185.wav	10.0
1186.wav	10.0
1187.wav	10.0
1188.wav	10.0
1189.wav	10.0
1190.wav	10.0
1191.wav	10.0
1192.wav	10.0
1194.wav	10.0
1197.wav	10.0
1198.wav	10.0
12.wav	10.0
1200.wav	10.0
1202.wav	10.0
1204.wav	10.0
1205.wav	10.0
1208.wav	10.0
1209.wav	10.0
121.wav	10.0
1213.wav	10.0
1214.wav	10.0
1215.wav	10.0
1216.wav	10.0
1217.wav	10.0
1219.wav	10.0
1220.wav	10.0
1224.wav	10.0
1225.wav	10.0
1226.wav	10.0
1227.wav	10.0
1228.wav	10.0
1229.wav	10.0
1230.wav	10.0
1231.wav	10.0
1233.wav	10.0
1235.wav	10.0
1236.wav	10.0
1237.wav	10.0
1239.wav	10.0
1240.wav	10.0
1242.wav	10.0
125.wav	10.0
1250.wav	10.0
1254.wav	10.0
1257.wav	10.0
1258.wav	10.0
1259.wav	10.0
126.wav	10.0
1262.wav	10.0
1264.wav	10.0
1265.wav	10.0
1267.wav	10.0
1268.wav	10.0
127.wav	10.0
1270.wav	10.0
1274.wav	10.0
1279.wav	10.0
1284.wav	10.0
1288.wav	10.0
129.wav	10.0
1292.wav	10.0
1296.wav	10.0
1298.wav	10.0
1299.wav	10.0
13.wav	10.0
130.wav	10.0
1301.wav	10.0
1303.wav	10.0
1304.wav	10.0
1305.wav	10.0
1309.wav	10.0
131.wav	10.0
1312.wav	10.0
1313.wav	10.0
1314.wav	10.0
1316.wav	10.0
1318.wav	10.0
1319.wav	10.0
132.wav	10.0
1320.wav	10.0
1324.wav	10.0
1325.wav	10.0
1326.wav	10.0
1327.wav	10.0
1329.wav	10.0
1331.wav	10.0
1332.wav	10.0
1333.wav	10.0
1335.wav	10.0
1336.wav	10.0
1340.wav	10.0
1341.wav	10.0
1344.wav	10.0
1345.wav	10.0
1346.wav	10.0
1347.wav	10.0
135.wav	10.0
1350.wav	10.0
1352.wav	10.0
1353.wav	10.0
1354.wav	10.0
1356.wav	10.0
1358.wav	10.0
1359.wav	10.0
1361.wav	10.0
1364.wav	10.0
1365.wav	10.0
1367.wav	10.0
1368.wav	10.0
1369.wav	10.0
137.wav	10.0
1370.wav	10.0
1371.wav	10.0
1372.wav	10.0
1374.wav	10.0
1377.wav	10.0
1378.wav	10.0
1379.wav	10.0
138.wav	10.0
1380.wav	10.0
1382.wav	10.0
1383.wav	10.0
1384.wav	10.0
1385.wav	10.0
1386.wav	10.0
1388.wav	10.0
1389.wav	10.0
1390.wav	10.0
1391.wav	10.0
1394.wav	10.0
1396.wav	10.0
1398.wav	10.0
1400.wav	10.0
1401.wav	10.0
1402.wav	10.0
1403.wav	10.0
1405.wav	10.0
1408.wav	10.0
1409.wav	10.0
141.wav	10.0
1410.wav	10.0
1412.wav	10.0
1416.wav	10.0
1419.wav	10.0
142.wav	10.0
1420.wav	10.0
1421.wav	10.0
1422.wav	10.0
1424.wav	10.0
1426.wav	10.0
1427.wav	10.0
1430.wav	10.0
1431.wav	10.0
1432.wav	10.0
1433.wav	10.0
1434.wav	10.0
1435.wav	10.0
1437.wav	10.0
1438.wav	10.0
144.wav	10.0
1441.wav	10.0
1442.wav	10.0
1444.wav	10.0
1445.wav	10.0
1446.wav	10.0
1447.wav	10.0
1448.wav	10.0
1449.wav	10.0
1450.wav	10.0
1451.wav	10.0
1453.wav	10.0
1454.wav	10.0
1455.wav	10.0
1457.wav	10.0
1458.wav	10.0
1459.wav	10.0
1460.wav	10.0
1461.wav	10.0
1466.wav	10.0
1469.wav	10.0
147.wav	10.0
1470.wav	10.0
1471.wav	10.0
1473.wav	10.0
1474.wav	10.0
1475.wav	10.0
1477.wav	10.0
1479.wav	10.0
1480.wav	10.0
1482.wav	10.0
1485.wav	10.0
1487.wav	10.0
149.wav	10.0
1493.wav	10.0
1495.wav	10.0
1496.wav	10.0
1497.wav	10.0
15.wav	10.0
150.wav	10.0
1500.wav	10.0
1501.wav	10.0
1502.wav	10.0
1503.wav	10.0
1504.wav	10.0
1506.wav	10.0
1507.wav	10.0
1508.wav	10.0
1509.wav	10.0
151.wav	10.0
1510.wav	10.0
1511.wav	10.0
1512.wav	10.0
1515.wav	10.0
1516.wav	10.0
1518.wav	10.0
1519.wav	10.0
152.wav	10.0
1520.wav	10.0
1521.wav	10.0
1523.wav	10.0
1524.wav	10.0
1525.wav	10.0
1527.wav	10.0
1528.wav	10.0
153.wav	10.0
1531.wav	10.0
1535.wav	10.0
1536.wav	10.0
1538.wav	10.0
1539.wav	10.0
154.wav	10.0
1541.wav	10.0
1542.wav	10.0
1545.wav	10.0
1548.wav	10.0
1549.wav	10.0
1551.wav	10.0
1552.wav	10.0
1553.wav	10.0
1557.wav	10.0
1558.wav	10.0
1559.wav	10.0
156.wav	10.0
1561.wav	10.0
1562.wav	10.0
1563.wav	10.0
1564.wav	10.0
1565.wav	10.0
1566.wav	10.0
1567.wav	10.0
1568.wav	10.0
1569.wav	10.0
157.wav	10.0
1573.wav	10.0
1576.wav	10.0
1577.wav	10.0
1578.wav	10.0
1581.wav	10.0
1583.wav	10.0
1584.wav	10.0
1586.wav	10.0
1587.wav	10.0
1588.wav	10.0
1589.wav	10.0
1591.wav	10.0
1592.wav	10.0
1593.wav	10.0
1594.wav	10.0
1595.wav	10.0
1596.wav	10.0
1597.wav	10.0
160.wav	10.0
1600.wav	10.0
1603.wav	10.0
1606.wav	10.0
1607.wav	10.0
1608.wav	10.0
1609.wav	10.0
161.wav	10.0
1610.wav	10.0
1611.wav	10.0
1612.wav	10.0
1613.wav	10.0
1614.wav	10.0
1615.wav	10.0
1616.wav	10.0
1618.wav	10.0
1619.wav	10.0
162.wav	10.0
1620.wav	10.0
1621.wav	10.0
1624.wav	10.0
1626.wav	10.0
163.wav	10.0
1631.wav	10.0
1632.wav	10.0
1635.wav	10.0
164.wav	10.0
1640.wav	10.0
1646.wav	10.0
1648.wav	10.0
165.wav	10.0
1651.wav	10.0
1652.wav	10.0
1653.wav	10.0
1654.wav	10.0
1656.wav	10.0
166.wav	10.0
1663.wav	10.0
1666.wav	10.0
1667.wav	10.0
167.wav	10.0
1672.wav	10.0
1679.wav	10.0
1680.wav	10.0
1681.wav	10.0
1684.wav	10.0
1685.wav	10.0
1686.wav	10.0
1687.wav	10.0
1694.wav	10.0
1695.wav	10.0
1698.wav	10.0
170.wav	10.0
1700.wav	10.0
1701.wav	10.0
1702.wav	10.0
1703.wav	10.0
1704.wav	10.0
1706.wav	10.0
1709.wav	10.0
171.wav	10.0
1710.wav	10.0
1714.wav	10.0
1717.wav	10.0
172.wav	10.0
1722.wav	10.0
1724.wav	10.0
1726.wav	10.0
1727.wav	10.0
1728.wav	10.0
1729.wav	10.0
173.wav	10.0
1730.wav	10.0
1731.wav	10.0
1733.wav	10.0
1736.wav	10.0
1737.wav	10.0
1739.wav	10.0
1741.wav	10.0
1745.wav	10.0
175.wav	10.0
1750.wav	10.0
1751.wav	10.0
1752.wav	10.0
1753.wav	10.0
1755.wav	10.0
1757.wav	10.0
1758.wav	10.0
1759.wav	10.0
1760.wav	10.0
1767.wav	10.0
1768.wav	10.0
177.wav	10.0
1770.wav	10.0
1771.wav	10.0
1774.wav	10.0
1775.wav	10.0
1776.wav	10.0
1777.wav	10.0
178.wav	10.0
1780.wav	10.0
1782.wav	10.0
1783.wav	10.0
1786.wav	10.0
1787.wav	10.0
1788.wav	10.0
179.wav	10.0
1790.wav	10.0
1791.wav	10.0
1794.wav	10.0
1798.wav	10.0
18.wav	10.0
180.wav	10.0
1804.wav	10.0
1806.wav	10.0
1807.wav	10.0
1808.wav	10.0
1809.wav	10.0
1812.wav	10.0
1813.wav	10.0
1815.wav	10.0
1818.wav	10.0
1819.wav	10.0
182.wav	10.0
1820.wav	10.0
1823.wav	10.0
1824.wav	10.0
1826.wav	10.0
1827.wav	10.0
1829.wav	10.0
1833.wav	10.0
1834.wav	10.0
1838.wav	10.0
1839.wav	10.0
184.wav	10.0
1840.wav	10.0
1841.wav	10.0
1842.wav	10.0
1844.wav	10.0
1847.wav	10.0
1849.wav	10.0
185.wav	10.0
1850.wav	10.0
1851.wav	10.0
1855.wav	10.0
1856.wav	10.0
1857.wav	10.0
1858.wav	10.0
1859.wav	10.0
186.wav	10.0
1860.wav	10.0
1861.wav	10.0
1862.wav	10.0
1863.wav	10.0
1864.wav	10.0
1865.wav	10.0
1866.wav	10.0
1867.wav	10.0
187.wav	10.0
1875.wav	10.0
1876.wav	10.0
1877.wav	10.0
1878.wav	10.0
1882.wav	10.0
1883.wav	10.0
1884.wav	10.0
1888.wav	10.0
189.wav	10.0
1890.wav	10.0
1891.wav	10.0
1893.wav	10.0
1895.wav	10.0
1896.wav	10.0
1899.wav	10.0
1901.wav	10.0
1902.wav	10.0
1906.wav	10.0
1908.wav	10.0
191.wav	10.0
1910.wav	10.0
1911.wav	10.0
1918.wav	10.0
192.wav	10.0
1923.wav	10.0
1924.wav	10.0
193.wav	10.0
1930.wav	10.0
1931.wav	10.0
1932.wav	10.0
1937.wav	10.0
1938.wav	10.0
1943.wav	10.0
1945.wav	10.0
1950.wav	10.0
1952.wav	10.0
1953.wav	10.0
1954.wav	10.0
1958.wav	10.0
1961.wav	10.0
1962.wav	10.0
1963.wav	10.0
1964.wav	10.0
1967.wav	10.0
1971.wav	10.0
1974.wav	10.0
1976.wav	10.0
1977.wav	10.0
1979.wav	10.0
198.wav	10.0
1980.wav	10.0
1981.wav	10.0
1984.wav	10.0
1985.wav	10.0
1986.wav	10.0
1987.wav	10.0
199.wav	10.0
1991.wav	10.0
1995.wav	10.0
1996.wav	10.0
1997.wav	10.0
1998.wav	10.0
1999.wav	10.0
20.wav	10.0
200.wav	10.0
2000.wav	10.0
2001.wav	10.0
2003.wav	10.0
2004.wav	10.0
2005.wav	10.0
2006.wav	10.0
2007.wav	10.0
2008.wav	10.0
2010.wav	10.0
2011.wav	10.0
2012.wav	10.0
2013.wav	10.0
2014.wav	10.0
2015.wav	10.0
2016.wav	10.0
2017.wav	10.0
2018.wav	10.0
2019.wav	10.0
202.wav	10.0
2020.wav	10.0
2021.wav	10.0
2022.wav	10.0
2025.wav	10.0
2027.wav	10.0
2028.wav	10.0
2029.wav	10.0
203.wav	10.0
2030.wav	10.0
2031.wav	10.0
2033.wav	10.0
2034.wav	10.0
2035.wav	10.0
2036.wav	10.0
2037.wav	10.0
2038.wav	10.0
2039.wav	10.0
2040.wav	10.0
2041.wav	10.0
2042.wav	10.0
2043.wav	10.0
2045.wav	10.0
2046.wav	10.0
2047.wav	10.0
2048.wav	10.0
2049.wav	10.0
205.wav	10.0
2052.wav	10.0
2053.wav	10.0
2054.wav	10.0
2055.wav	10.0
2056.wav	10.0
2057.wav	10.0
2059.wav	10.0
206.wav	10.0
2060.wav	10.0
2066.wav	10.0
2067.wav	10.0
2071.wav	10.0
2073.wav	10.0
2076.wav	10.0
2077.wav	10.0
2078.wav	10.0
2079.wav	10.0
2081.wav	10.0
2082.wav	10.0
2083.wav	10.0
2087.wav	10.0
2088.wav	10.0
209.wav	10.0
2091.wav	10.0
2092.wav	10.0
2094.wav	10.0
2095.wav	10.0
2096.wav	10.0
2097.wav	10.0
2098.wav	10.0
2099.wav	10.0
2101.wav	10.0
2105.wav	10.0
2106.wav	10.0
2108.wav	10.0
2115.wav	10.0
2117.wav	10.0
2118.wav	10.0
2119.wav	10.0
212.wav	10.0
2120.wav	10.0
2122.wav	10.0
2123.wav	10.0
2128.wav	10.0
213.wav	10.0
2130.wav	10.0
2131.wav	10.0
2132.wav	10.0
2135.wav	10.0
2137.wav	10.0
2138.wav	10.0
2139.wav	10.0
214.wav	10.0
2142.wav	10.0
2143.wav	10.0
2145.wav	10.0
2151.wav	10.0
2153.wav	10.0
2157.wav	10.0
2158.wav	10.0
2159.wav	10.0
216.wav	10.0
2160.wav	10.0
2161.wav	10.0
2162.wav	10.0
2164.wav	10.0
2166.wav	10.0
2167.wav	10.0
2173.wav	10.0
2178.wav	10.0
2179.wav	10.0
218.wav	10.0
2181.wav	10.0
2184.wav	10.0
2185.wav	10.0
2187.wav	10.0
2189.wav	10.0
2191.wav	10.0
2193.wav	10.0
2194.wav	10.0
2198.wav	10.0
2199.wav	10.0
220.wav	10.0
2200.wav	10.0
2201.wav	10.0
2204.wav	10.0
2205.wav	10.0
2206.wav	10.0
2207.wav	10.0
2208.wav	10.0
221.wav	10.0
2211.wav	10.0
2212.wav	10.0
2214.wav	10.0
2217.wav	10.0
2219.wav	10.0
222.wav	10.0
2221.wav	10.0
2222.wav	10.0
2223.wav	10.0
2227.wav	10.0
2228.wav	10.0
2229.wav	10.0
2231.wav	10.0
2232.wav	10.0
2233.wav	10.0
2234.wav	10.0
2235.wav	10.0
2236.wav	10.0
2237.wav	10.0
2239.wav	10.0
224.wav	10.0
2243.wav	10.0
2245.wav	10.0
2246.wav	10.0
225.wav	10.0
2254.wav	10.0
2258.wav	10.0
2260.wav	10.0
2262.wav	10.0
2263.wav	10.0
2268.wav	10.0
2274.wav	10.0
2279.wav	10.0
228.wav	10.0
2280.wav	10.0
2282.wav	10.0
2283.wav	10.0
2288.wav	10.0
2289.wav	10.0
2295.wav	10.0
2299.wav	10.0
23.wav	10.0
230.wav	10.0
2301.wav	10.0
2302.wav	10.0
2306.wav	10.0
2316.wav	10.0
2318.wav	10.0
2320.wav	10.0
2321.wav	10.0
2323.wav	10.0
2324.wav	10.0
2327.wav	10.0
2330.wav	10.0
2332.wav	10.0
2336.wav	10.0
2340.wav	10.0
2342.wav	10.0
2343.wav	10.0
2344.wav	10.0
2345.wav	10.0
2346.wav	10.0
235.wav	10.0
2352.wav	10.0
2354.wav	10.0
2357.wav	10.0
2359.wav	10.0
2369.wav	10.0
2373.wav	10.0
2374.wav	10.0
2375.wav	10.0
2376.wav	10.0
238.wav	10.0
2380.wav	10.0
2384.wav	10.0
2386.wav	10.0
239.wav	10.0
2392.wav	10.0
2393.wav	10.0
2395.wav	10.0
2399.wav	10.0
24.wav	10.0
240.wav	10.0
2402.wav	10.0
2403.wav	10.0
2405.wav	10.0
2409.wav	10.0
241.wav	10.0
2411.wav	10.0
2414.wav	10.0
2415.wav	10.0
2417.wav	10.0
2421.wav	10.0
2422.wav	10.0
2427.wav	10.0
243.wav	10.0
2432.wav	10.0
2433.wav	10.0
2435.wav	10.0
2437.wav	10.0
2438.wav	10.0
2439.wav	10.0
2440.wav	10.0
2441.wav	10.0
2442.wav	10.0
2444.wav	10.0
2445.wav	10.0
2446.wav	10.0
2447.wav	10.0
2448.wav	10.0
245.wav	10.0
2451.wav	10.0
2452.wav	10.0
2453.wav	10.0
2454.wav	10.0
2455.wav	10.0
2456.wav	10.0
2458.wav	10.0
2459.wav	10.0
246.wav	10.0
2460.wav	10.0
2461.wav	10.0
2463.wav	10.0
2466.wav	10.0
247.wav	10.0
2471.wav	10.0
2473.wav	10.0
2475.wav	10.0
2477.wav	10.0
2478.wav	10.0
2479.wav	10.0
2480.wav	10.0
2483.wav	10.0
2484.wav	10.0
2485.wav	10.0
2486.wav	10.0
2487.wav	10.0
249.wav	10.0
2491.wav	10.0
25.wav	10.0
2501.wav	10.0
2502.wav	10.0
2503.wav	10.0
2504.wav	10.0
2505.wav	10.0
2510.wav	10.0
2511.wav	10.0
2514.wav	10.0
2517.wav	10.0
2519.wav	10.0
252.wav	10.0
2520.wav	10.0
2521.wav	10.0
2523.wav	10.0
2524.wav	10.0
2525.wav	10.0
2526.wav	10.0
2529.wav	10.0
253.wav	10.0
2530.wav	10.0
2531.wav	10.0
2532.wav	10.0
2537.wav	10.0
2538.wav	10.0
2540.wav	10.0
2541.wav	10.0
2542.wav	10.0
2544.wav	10.0
2547.wav	10.0
2548.wav	10.0
255.wav	10.0
2550.wav	10.0
2553.wav	10.0
2555.wav	10.0
2556.wav	10.0
2559.wav	10.0
256.wav	10.0
2560.wav	10.0
2561.wav	10.0
2562.wav	10.0
2563.wav	10.0
2564.wav	10.0
2565.wav	10.0
2566.wav	10.0
2567.wav	10.0
2568.wav	10.0
2569.wav	10.0
2571.wav	10.0
2572.wav	10.0
2575.wav	10.0
2577.wav	10.0
258.wav	10.0
2580.wav	10.0
2581.wav	10.0
2582.wav	10.0
2583.wav	10.0
2584.wav	10.0
2585.wav	10.0
2588.wav	10.0
2589.wav	10.0
2590.wav	10.0
2592.wav	10.0
2594.wav	10.0
2595.wav	10.0
2596.wav	10.0
2597.wav	10.0
2599.wav	10.0
260.wav	10.0
2600.wav	10.0
2603.wav	10.0
2604.wav	10.0
2605.wav	10.0
2608.wav	10.0
2609.wav	10.0
2610.wav	10.0
2611.wav	10.0
2616.wav	10.0
2617.wav	10.0
2618.wav	10.0
262.wav	10.0
2620.wav	10.0
2622.wav	10.0
2623.wav	10.0
2624.wav	10.0
2626.wav	10.0
2627.wav	10.0
2628.wav	10.0
2629.wav	10.0
263.wav	10.0
2632.wav	10.0
2634.wav	10.0
2636.wav	10.0
2637.wav	10.0
2639.wav	10.0
264.wav	10.0
2643.wav	10.0
2644.wav	10.0
2645.wav	10.0
2646.wav	10.0
2647.wav	10.0
2648.wav	10.0
2649.wav	10.0
2650.wav	10.0
2651.wav	10.0
2652.wav	10.0
2653.wav	10.0
2655.wav	10.0
2657.wav	10.0
2659.wav	10.0
266.wav	10.0
2660.wav	10.0
2661.wav	10.0
2662.wav	10.0
2665.wav	10.0
2666.wav	10.0
2669.wav	10.0
2670.wav	10.0
2672.wav	10.0
2673.wav	10.0
2674.wav	10.0
2676.wav	10.0
2679.wav	10.0
268.wav	10.0
2681.wav	10.0
2682.wav	10.0
2684.wav	10.0
2691.wav	10.0
2692.wav	10.0
2694.wav	10.0
2695.wav	10.0
2697.wav	10.0
2699.wav	10.0
27.wav	10.0
2702.wav	10.0
2706.wav	10.0
271.wav	10.0
2711.wav	10.0
2712.wav	10.0
2713.wav	10.0
2714.wav	10.0
2715.wav	10.0
2717.wav	10.0
2718.wav	10.0
2719.wav	10.0
272.wav	10.0
2720.wav	10.0
2721.wav	10.0
2725.wav	10.0
2726.wav	10.0
2727.wav	10.0
2728.wav	10.0
2729.wav	10.0
2732.wav	10.0
2734.wav	10.0
2738.wav	10.0
274.wav	10.0
2740.wav	10.0
2741.wav	10.0
2742.wav	10.0
2743.wav	10.0
2747.wav	10.0
2749.wav	10.0
2751.wav	10.0
2753.wav	10.0
2754.wav	10.0
2756.wav	10.0
276.wav	10.0
2762.wav	10.0
2763.wav	10.0
2764.wav	10.0
2766.wav	10.0
2767.wav	10.0
2769.wav	10.0
277.wav	10.0
2770.wav	10.0
2771.wav	10.0
2778.wav	10.0
2779.wav	10.0
2780.wav	10.0
2781.wav	10.0
2782.wav	10.0
2783.wav	10.0
2785.wav	10.0
2788.wav	10.0
279.wav	10.0
2792.wav	10.0
2795.wav	10.0
2796.wav	10.0
2798.wav	10.0
280.wav	10.0
2800.wav	10.0
2801.wav	10.0
2805.wav	10.0
2806.wav	10.0
2808.wav	10.0
2810.wav	10.0
2812.wav	10.0
2813.wav	10.0
2815.wav	10.0
2816.wav	10.0
2817.wav	10.0
2818.wav	10.0
282.wav	10.0
2820.wav	10.0
2821.wav	10.0
2822.wav	10.0
2823.wav	10.0
2825.wav	10.0
2826.wav	10.0
2828.wav	10.0
2829.wav	10.0
2831.wav	10.0
2832.wav	10.0
2835.wav	10.0
2836.wav	10.0
2837.wav	10.0
2838.wav	10.0
2839.wav	10.0
284.wav	10.0
2840.wav	10.0
2842.wav	10.0
2845.wav	10.0
2847.wav	10.0
2848.wav	10.0
2849.wav	10.0
285.wav	10.0
2851.wav	10.0
2853.wav	10.0
2854.wav	10.0
2855.wav	10.0
2856.wav	10.0
286.wav	10.0
2860.wav	10.0
2861.wav	10.0
2862.wav	10.0
2864.wav	10.0
2865.wav	10.0
2867.wav	10.0
2868.wav	10.0
2869.wav	10.0
2871.wav	10.0
2874.wav	10.0
2875.wav	10.0
288.wav	10.0
2881.wav	10.0
289.wav	10.0
2890.wav	10.0
2892.wav	10.0
2894.wav	10.0
2897.wav	10.0
2899.wav	10.0
29.wav	10.0
2904.wav	10.0
2905.wav	10.0
2908.wav	10.0
2914.wav	10.0
2918.wav	10.0
2919.wav	10.0
2920.wav	10.0
2921.wav	10.0
2922.wav	10.0
2923.wav	10.0
2927.wav	10.0
2931.wav	10.0
2933.wav	10.0
2934.wav	10.0
2935.wav	10.0
2936.wav	10.0
2938.wav	10.0
294.wav	10.0
2941.wav	10.0
2942.wav	10.0
2943.wav	10.0
2945.wav	10.0
2948.wav	10.0
2949.wav	10.0
2952.wav	10.0
2954.wav	10.0
2958.wav	10.0
2959.wav	10.0
296.wav	10.0
2966.wav	10.0
2969.wav	10.0
297.wav	10.0
2970.wav	10.0
2974.wav	10.0
298.wav	10.0
2980.wav	10.0
2981.wav	10.0
2982.wav	10.0
2990.wav	10.0
2994.wav	10.0
2995.wav	10.0
2996.wav	10.0
2997.wav	10.0
30.wav	10.0
3004.wav	10.0
3005.wav	10.0
3006.wav	10.0
3009.wav	10.0
3011.wav	10.0
3014.wav	10.0
3015.wav	10.0
3019.wav	10.0
3021.wav	10.0
3023.wav	10.0
3025.wav	10.0
3027.wav	10.0
303.wav	10.0
3030.wav	10.0
3032.wav	10.0
3033.wav	10.0
3037.wav	10.0
3043.wav	10.0
3046.wav	10.0
3049.wav	10.0
305.wav	10.0
3057.wav	10.0
3059.wav	10.0
3060.wav	10.0
3061.wav	10.0
3062.wav	10.0
3063.wav	10.0
3066.wav	10.0
3068.wav	10.0
3069.wav	10.0
3071.wav	10.0
3073.wav	10.0
3075.wav	10.0
3076.wav	10.0
3077.wav	10.0
3078.wav	10.0
3079.wav	10.0
3080.wav	10.0
3081.wav	10.0
3082.wav	10.0
3083.wav	10.0
3086.wav	10.0
3087.wav	10.0
309.wav	10.0
3090.wav	10.0
3091.wav	10.0
3093.wav	10.0
3098.wav	10.0
310.wav	10.0
3100.wav	10.0
3101.wav	10.0
3102.wav	10.0
3103.wav	10.0
3104.wav	10.0
3105.wav	10.0
3107.wav	10.0
3108.wav	10.0
3109.wav	10.0
311.wav	10.0
3110.wav	10.0
3111.wav	10.0
3113.wav	10.0
3115.wav	10.0
3116.wav	10.0
3117.wav	10.0
312.wav	10.0
3126.wav	10.0
3127.wav	10.0
3128.wav	10.0
3131.wav	10.0
3138.wav	10.0
3139.wav	10.0
314.wav	10.0
3141.wav	10.0
3142.wav	10.0
3144.wav	10.0
3146.wav	10.0
3147.wav	10.0
3149.wav	10.0
3150.wav	10.0
3151.wav	10.0
3153.wav	10.0
3154.wav	10.0
3155.wav	10.0
3156.wav	10.0
3157.wav	10.0
3160.wav	10.0
3163.wav	10.0
3164.wav	10.0
3166.wav	10.0
3167.wav	10.0
3168.wav	10.0
3169.wav	10.0
317.wav	10.0
3171.wav	10.0
3172.wav	10.0
3173.wav	10.0
3179.wav	10.0
318.wav	10.0
3180.wav	10.0
3181.wav	10.0
3182.wav	10.0
3187.wav	10.0
3191.wav	10.0
3192.wav	10.0
3193.wav	10.0
3194.wav	10.0
3195.wav	10.0
320.wav	10.0
3201.wav	10.0
3204.wav	10.0
3205.wav	10.0
3207.wav	10.0
3208.wav	10.0
321.wav	10.0
3211.wav	10.0
3213.wav	10.0
3215.wav	10.0
3217.wav	10.0
3218.wav	10.0
3219.wav	10.0
3222.wav	10.0
3223.wav	10.0
3224.wav	10.0
3226.wav	10.0
3227.wav	10.0
3229.wav	10.0
323.wav	10.0
3230.wav	10.0
3231.wav	10.0
3234.wav	10.0
3235.wav	10.0
3236.wav	10.0
3237.wav	10.0
3241.wav	10.0
3242.wav	10.0
3243.wav	10.0
3246.wav	10.0
3247.wav	10.0
3248.wav	10.0
3250.wav	10.0
3251.wav	10.0
3252.wav	10.0
3253.wav	10.0
3254.wav	10.0
3255.wav	10.0
3257.wav	10.0
3258.wav	10.0
3259.wav	10.0
326.wav	10.0
3260.wav	10.0
3261.wav	10.0
3262.wav	10.0
3264.wav	10.0
3267.wav	10.0
3268.wav	10.0
3269.wav	10.0
327.wav	10.0
3270.wav	10.0
3272.wav	10.0
3273.wav	10.0
3274.wav	10.0
3275.wav	10.0
3276.wav	10.0
328.wav	10.0
3280.wav	10.0
3281.wav	10.0
3283.wav	10.0
3284.wav	10.0
3285.wav	10.0
3287.wav	10.0
3288.wav	10.0
3289.wav	10.0
329.wav	10.0
3291.wav	10.0
3292.wav	10.0
3293.wav	10.0
3295.wav	10.0
3299.wav	10.0
3300.wav	10.0
3301.wav	10.0
3304.wav	10.0
3305.wav	10.0
3306.wav	10.0
3307.wav	10.0
3308.wav	10.0
331.wav	10.0
3311.wav	10.0
3312.wav	10.0
3313.wav	10.0
3314.wav	10.0
3317.wav	10.0
3322.wav	10.0
3323.wav	10.0
3324.wav	10.0
3326.wav	10.0
3328.wav	10.0
3329.wav	10.0
3332.wav	10.0
3335.wav	10.0
3336.wav	10.0
3337.wav	10.0
334.wav	10.0
3343.wav	10.0
3345.wav	10.0
3346.wav	10.0
3348.wav	10.0
335.wav	10.0
3351.wav	10.0
3352.wav	10.0
3353.wav	10.0
3354.wav	10.0
3359.wav	10.0
336.wav	10.0
3360.wav	10.0
3361.wav	10.0
3363.wav	10.0
3366.wav	10.0
3367.wav	10.0
3368.wav	10.0
3369.wav	10.0
337.wav	10.0
3370.wav	10.0
3372.wav	10.0
3375.wav	10.0
3378.wav	10.0
3380.wav	10.0
3384.wav	10.0
3386.wav	10.0
3389.wav	10.0
339.wav	10.0
3390.wav	10.0
3391.wav	10.0
3393.wav	10.0
3394.wav	10.0
3396.wav	10.0
3398.wav	10.0
340.wav	10.0
3400.wav	10.0
3401.wav	10.0
3406.wav	10.0
3409.wav	10.0
3410.wav	10.0
3412.wav	10.0
3413.wav	10.0
3414.wav	10.0
3415.wav	10.0
3416.wav	10.0
3417.wav	10.0
3418.wav	10.0
3420.wav	10.0
3421.wav	10.0
3422.wav	10.0
3423.wav	10.0
3424.wav	10.0
3426.wav	10.0
3428.wav	10.0
343.wav	10.0
3432.wav	10.0
3433.wav	10.0
3434.wav	10.0
3435.wav	10.0
3436.wav	10.0
3438.wav	10.0
344.wav	10.0
3440.wav	10.0
3441.wav	10.0
3442.wav	10.0
3444.wav	10.0
3445.wav	10.0
3446.wav	10.0
3447.wav	10.0
3448.wav	10.0
345.wav	10.0
3450.wav	10.0
3453.wav	10.0
3455.wav	10.0
3456.wav	10.0
3458.wav	10.0
3459.wav	10.0
3460.wav	10.0
3461.wav	10.0
3466.wav	10.0
3467.wav	10.0
347.wav	10.0
3471.wav	10.0
3472.wav	10.0
3474.wav	10.0
3475.wav	10.0
3477.wav	10.0
3478.wav	10.0
3479.wav	10.0
348.wav	10.0
3480.wav	10.0
3487.wav	10.0
3488.wav	10.0
349.wav	10.0
3490.wav	10.0
3491.wav	10.0
3492.wav	10.0
3493.wav	10.0
3494.wav	10.0
3496.wav	10.0
3497.wav	10.0
35.wav	10.0
350.wav	10.0
3501.wav	10.0
3503.wav	10.0
3504.wav	10.0
3507.wav	10.0
351.wav	10.0
3510.wav	10.0
3511.wav	10.0
3513.wav	10.0
3514.wav	10.0
3517.wav	10.0
3518.wav	10.0
3520.wav	10.0
3522.wav	10.0
3523.wav	10.0
3524.wav	10.0
3526.wav	10.0
3528.wav	10.0
353.wav	10.0
3530.wav	10.0
3531.wav	10.0
3532.wav	10.0
3533.wav	10.0
3537.wav	10.0
354.wav	10.0
3541.wav	10.0
3543.wav	10.0
3548.wav	10.0
3549.wav	10.0
355.wav	10.0
3550.wav	10.0
3555.wav	10.0
3556.wav	10.0
356.wav	10.0
3560.wav	10.0
3561.wav	10.0
3566.wav	10.0
3568.wav	10.0
357.wav	10.0
3575.wav	10.0
358.wav	10.0
3581.wav	10.0
3584.wav	10.0
3585.wav	10.0
3586.wav	10.0
3587.wav	10.0
3588.wav	10.0
3589.wav	10.0
359.wav	10.0
3591.wav	10.0
3594.wav	10.0
3596.wav	10.0
3597.wav	10.0
3603.wav	10.0
3607.wav	10.0
3608.wav	10.0
361.wav	10.0
3610.wav	10.0
3613.wav	10.0
3615.wav	10.0
3617.wav	10.0
3618.wav	10.0
362.wav	10.0
3620.wav	10.0
3622.wav	10.0
3624.wav	10.0
3625.wav	10.0
3630.wav	10.0
3633.wav	10.0
3637.wav	10.0
365.wav	10.0
3652.wav	10.0
3656.wav	10.0
3657.wav	10.0
3658.wav	10.0
366.wav	10.0
3661.wav	10.0
3663.wav	10.0
3669.wav	10.0
367.wav	10.0
3673.wav	10.0
3674.wav	10.0
3677.wav	10.0
3679.wav	10.0
368.wav	10.0
3680.wav	10.0
3682.wav	10.0
3683.wav	10.0
3684.wav	10.0
3685.wav	10.0
3687.wav	10.0
3690.wav	10.0
3691.wav	10.0
3693.wav	10.0
3694.wav	10.0
3695.wav	10.0
3697.wav	10.0
3699.wav	10.0
37.wav	10.0
3701.wav	10.0
3702.wav	10.0
3703.wav	10.0
3704.wav	10.0
3706.wav	10.0
3707.wav	10.0
3708.wav	10.0
3709.wav	10.0
371.wav	10.0
3710.wav	10.0
3711.wav	10.0
3713.wav	10.0
3715.wav	10.0
3716.wav	10.0
3717.wav	10.0
3718.wav	10.0
3719.wav	10.0
3720.wav	10.0
3721.wav	10.0
3723.wav	10.0
3725.wav	10.0
3726.wav	10.0
3727.wav	10.0
3728.wav	10.0
3729.wav	10.0
3730.wav	10.0
3732.wav	10.0
3733.wav	10.0
3734.wav	10.0
3735.wav	10.0
3736.wav	10.0
3737.wav	10.0
3738.wav	10.0
3742.wav	10.0
3755.wav	10.0
3756.wav	10.0
3757.wav	10.0
3762.wav	10.0
3764.wav	10.0
3765.wav	10.0
3766.wav	10.0
3769.wav	10.0
3770.wav	10.0
3771.wav	10.0
3772.wav	10.0
3776.wav	10.0
3777.wav	10.0
3778.wav	10.0
3779.wav	10.0
3780.wav	10.0
3784.wav	10.0
3786.wav	10.0
3788.wav	10.0
3792.wav	10.0
3794.wav	10.0
3795.wav	10.0
3798.wav	10.0
3799.wav	10.0
3802.wav	10.0
3806.wav	10.0
3809.wav	10.0
3813.wav	10.0
3814.wav	10.0
3815.wav	10.0
3816.wav	10.0
3819.wav	10.0
3820.wav	10.0
3821.wav	10.0
3822.wav	10.0
3824.wav	10.0
3825.wav	10.0
3826.wav	10.0
3827.wav	10.0
3830.wav	10.0
3833.wav	10.0
3834.wav	10.0
3835.wav	10.0
3836.wav	10.0
3837.wav	10.0
3839.wav	10.0
3841.wav	10.0
3842.wav	10.0
3843.wav	10.0
3845.wav	10.0
3846.wav	10.0
3847.wav	10.0
385.wav	10.0
3851.wav	10.0
3852.wav	10.0
3853.wav	10.0
3854.wav	10.0
3855.wav	10.0
3857.wav	10.0
3858.wav	10.0
3859.wav	10.0
3860.wav	10.0
3861.wav	10.0
3863.wav	10.0
3867.wav	10.0
3872.wav	10.0
3874.wav	10.0
3876.wav	10.0
3877.wav	10.0
3878.wav	10.0
3879.wav	10.0
3880.wav	10.0
3881.wav	10.0
3882.wav	10.0
3884.wav	10.0
3885.wav	10.0
3886.wav	10.0
3887.wav	10.0
3888.wav	10.0
3889.wav	10.0
3890.wav	10.0
3891.wav	10.0
3892.wav	10.0
3893.wav	10.0
3894.wav	10.0
3895.wav	10.0
3897.wav	10.0
3899.wav	10.0
3900.wav	10.0
3902.wav	10.0
3903.wav	10.0
3905.wav	10.0
3907.wav	10.0
3909.wav	10.0
391.wav	10.0
3910.wav	10.0
3911.wav	10.0
3913.wav	10.0
3915.wav	10.0
3917.wav	10.0
3918.wav	10.0
3920.wav	10.0
3922.wav	10.0
3923.wav	10.0
3926.wav	10.0
3927.wav	10.0
3928.wav	10.0
3929.wav	10.0
3930.wav	10.0
3931.wav	10.0
3933.wav	10.0
3935.wav	10.0
3936.wav	10.0
3937.wav	10.0
3938.wav	10.0
3939.wav	10.0
394.wav	10.0
3940.wav	10.0
3941.wav	10.0
3942.wav	10.0
3943.wav	10.0
3945.wav	10.0
3947.wav	10.0
3949.wav	10.0
3952.wav	10.0
3953.wav	10.0
3954.wav	10.0
3956.wav	10.0
3957.wav	10.0
3958.wav	10.0
3961.wav	10.0
3962.wav	10.0
3963.wav	10.0
3964.wav	10.0
3965.wav	10.0
3966.wav	10.0
3969.wav	10.0
3970.wav	10.0
3971.wav	10.0
3972.wav	10.0
3973.wav	10.0
3974.wav	10.0
398.wav	10.0
3980.wav	10.0
3982.wav	10.0
3983.wav	10.0
3985.wav	10.0
3988.wav	10.0
3989.wav	10.0
3990.wav	10.0
3991.wav	10.0
3992.wav	10.0
3993.wav	10.0
3995.wav	10.0
3999.wav	10.0
40.wav	10.0
4000.wav	10.0
4001.wav	10.0
4002.wav	10.0
4004.wav	10.0
4008.wav	10.0
4009.wav	10.0
401.wav	10.0
4010.wav	10.0
4014.wav	10.0
4016.wav	10.0
402.wav	10.0
4022.wav	10.0
4025.wav	10.0
4026.wav	10.0
4030.wav	10.0
4034.wav	10.0
4035.wav	10.0
4037.wav	10.0
4039.wav	10.0
404.wav	10.0
4041.wav	10.0
4042.wav	10.0
4045.wav	10.0
4049.wav	10.0
4050.wav	10.0
4051.wav	10.0
4053.wav	10.0
4055.wav	10.0
4056.wav	10.0
4058.wav	10.0
4059.wav	10.0
406.wav	10.0
4060.wav	10.0
4061.wav	10.0
4062.wav	10.0
4065.wav	10.0
4068.wav	10.0
4069.wav	10.0
4071.wav	10.0
4072.wav	10.0
4073.wav	10.0
4075.wav	10.0
4076.wav	10.0
4078.wav	10.0
4081.wav	10.0
4082.wav	10.0
4083.wav	10.0
4084.wav	10.0
4088.wav	10.0
4090.wav	10.0
4092.wav	10.0
4093.wav	10.0
4094.wav	10.0
4095.wav	10.0
4096.wav	10.0
4097.wav	10.0
4098.wav	10.0
4099.wav	10.0
410.wav	10.0
4101.wav	10.0
4103.wav	10.0
4106.wav	10.0
4107.wav	10.0
4108.wav	10.0
4109.wav	10.0
4110.wav	10.0
4115.wav	10.0
4116.wav	10.0
4117.wav	10.0
4118.wav	10.0
4120.wav	10.0
4121.wav	10.0
4125.wav	10.0
4128.wav	10.0
4129.wav	10.0
413.wav	10.0
4132.wav	10.0
4134.wav	10.0
4135.wav	10.0
4137.wav	10.0
4139.wav	10.0
414.wav	10.0
4143.wav	10.0
4144.wav	10.0
4150.wav	10.0
4157.wav	10.0
4159.wav	10.0
4162.wav	10.0
4163.wav	10.0
4168.wav	10.0
4174.wav	10.0
4175.wav	10.0
4176.wav	10.0
4179.wav	10.0
418.wav	10.0
4181.wav	10.0
4187.wav	10.0
4188.wav	10.0
4191.wav	10.0
4194.wav	10.0
4197.wav	10.0
4198.wav	10.0
4199.wav	10.0
42.wav	10.0
420.wav	10.0
4202.wav	10.0
4204.wav	10.0
4206.wav	10.0
4213.wav	10.0
4214.wav	10.0
4220.wav	10.0
4223.wav	10.0
4224.wav	10.0
4226.wav	10.0
4228.wav	10.0
4230.wav	10.0
4231.wav	10.0
4235.wav	10.0
424.wav	10.0
4242.wav	10.0
4244.wav	10.0
4245.wav	10.0
4253.wav	10.0
4258.wav	10.0
4260.wav	10.0
4263.wav	10.0
4264.wav	10.0
4266.wav	10.0
4269.wav	10.0
4271.wav	10.0
4275.wav	10.0
4277.wav	10.0
4278.wav	10.0
4279.wav	10.0
4280.wav	10.0
4281.wav	10.0
4282.wav	10.0
4283.wav	10.0
4284.wav	10.0
4285.wav	10.0
4287.wav	10.0
4288.wav	10.0
4292.wav	10.0
4299.wav	10.0
43.wav	10.0
4303.wav	10.0
4304.wav	10.0
4307.wav	10.0
4308.wav	10.0
4309.wav	10.0
4310.wav	10.0
4311.wav	10.0
4315.wav	10.0
4316.wav	10.0
4317.wav	10.0
4318.wav	10.0
432.wav	10.0
4320.wav	10.0
4321.wav	10.0
4324.wav	10.0
4325.wav	10.0
4326.wav	10.0
4328.wav	10.0
4329.wav	10.0
4330.wav	10.0
4332.wav	10.0
4333.wav	10.0
4334.wav	10.0
4335.wav	10.0
4336.wav	10.0
4337.wav	10.0
4340.wav	10.0
4342.wav	10.0
4343.wav	10.0
4345.wav	10.0
4346.wav	10.0
4348.wav	10.0
4349.wav	10.0
4350.wav	10.0
4352.wav	10.0
4353.wav	10.0
4354.wav	10.0
4355.wav	10.0
4356.wav	10.0
4358.wav	10.0
4359.wav	10.0
4360.wav	10.0
4361.wav	10.0
4362.wav	10.0
4364.wav	10.0
4365.wav	10.0
4366.wav	10.0
4367.wav	10.0
437.wav	10.0
4376.wav	10.0
4377.wav	10.0
4379.wav	10.0
438.wav	10.0
4380.wav	10.0
4381.wav	10.0
4382.wav	10.0
4389.wav	10.0
439.wav	10.0
4390.wav	10.0
4391.wav	10.0
4392.wav	10.0
4393.wav	10.0
4397.wav	10.0
4399.wav	10.0
44.wav	10.0
440.wav	10.0
4402.wav	10.0
4404.wav	10.0
4407.wav	10.0
441.wav	10.0
4410.wav	10.0
4412.wav	10.0
4414.wav	10.0
4419.wav	10.0
442.wav	10.0
4420.wav	10.0
4425.wav	10.0
4426.wav	10.0
4427.wav	10.0
4428.wav	10.0
4430.wav	10.0
4431.wav	10.0
4432.wav	10.0
4435.wav	10.0
4437.wav	10.0
4438.wav	10.0
4439.wav	10.0
4440.wav	10.0
4441.wav	10.0
4442.wav	10.0
4443.wav	10.0
4444.wav	10.0
4446.wav	10.0
4447.wav	10.0
4448.wav	10.0
4449.wav	10.0
445.wav	10.0
4451.wav	10.0
4455.wav	10.0
4456.wav	10.0
4457.wav	10.0
4458.wav	10.0
4459.wav	10.0
4460.wav	10.0
4461.wav	10.0
4462.wav	10.0
4464.wav	10.0
4465.wav	10.0
4466.wav	10.0
4467.wav	10.0
4472.wav	10.0
4473.wav	10.0
4474.wav	10.0
4475.wav	10.0
4479.wav	10.0
4482.wav	10.0
4484.wav	10.0
4485.wav	10.0
4486.wav	10.0
4487.wav	10.0
4488.wav	10.0
4489.wav	10.0
449.wav	10.0
4490.wav	10.0
4492.wav	10.0
4496.wav	10.0
4497.wav	10.0
4498.wav	10.0
45.wav	10.0
450.wav	10.0
4500.wav	10.0
4501.wav	10.0
4502.wav	10.0
4504.wav	10.0
4509.wav	10.0
451.wav	10.0
4510.wav	10.0
4511.wav	10.0
4512.wav	10.0
4513.wav	10.0
4514.wav	10.0
4517.wav	10.0
4519.wav	10.0
4520.wav	10.0
4523.wav	10.0
4524.wav	10.0
4525.wav	10.0
4526.wav	10.0
4527.wav	10.0
4529.wav	10.0
4530.wav	10.0
4531.wav	10.0
4532.wav	10.0
4534.wav	10.0
4536.wav	10.0
4537.wav	10.0
4538.wav	10.0
4539.wav	10.0
454.wav	10.0
4540.wav	10.0
4541.wav	10.0
4542.wav	10.0
4546.wav	10.0
4548.wav	10.0
4549.wav	10.0
4550.wav	10.0
4553.wav	10.0
4554.wav	10.0
4556.wav	10.0
4560.wav	10.0
4562.wav	10.0
4563.wav	10.0
4564.wav	10.0
4566.wav	10.0
4567.wav	10.0
4568.wav	10.0
457.wav	10.0
4570.wav	10.0
4571.wav	10.0
4572.wav	10.0
4573.wav	10.0
4575.wav	10.0
4576.wav	10.0
4577.wav	10.0
4578.wav	10.0
4579.wav	10.0
458.wav	10.0
4580.wav	10.0
4581.wav	10.0
4585.wav	10.0
4586.wav	10.0
4587.wav	10.0
4589.wav	10.0
459.wav	10.0
4593.wav	10.0
4594.wav	10.0
4599.wav	10.0
46.wav	10.0
4600.wav	10.0
4601.wav	10.0
4602.wav	10.0
4604.wav	10.0
4605.wav	10.0
4608.wav	10.0
4610.wav	10.0
4613.wav	10.0
4614.wav	10.0
4616.wav	10.0
4617.wav	10.0
4619.wav	10.0
4621.wav	10.0
4623.wav	10.0
4627.wav	10.0
463.wav	10.0
4634.wav	10.0
4636.wav	10.0
4639.wav	10.0
464.wav	10.0
4642.wav	10.0
4644.wav	10.0
4645.wav	10.0
4648.wav	10.0
4649.wav	10.0
465.wav	10.0
4650.wav	10.0
4655.wav	10.0
4656.wav	10.0
4661.wav	10.0
4663.wav	10.0
4664.wav	10.0
4665.wav	10.0
4667.wav	10.0
4669.wav	10.0
467.wav	10.0
4670.wav	10.0
4671.wav	10.0
4672.wav	10.0
4673.wav	10.0
4677.wav	10.0
4679.wav	10.0
4682.wav	10.0
4685.wav	10.0
4686.wav	10.0
4687.wav	10.0
4689.wav	10.0
4690.wav	10.0
4692.wav	10.0
4693.wav	10.0
4694.wav	10.0
4695.wav	10.0
4696.wav	10.0
4697.wav	10.0
4698.wav	10.0
4699.wav	10.0
4701.wav	10.0
4702.wav	10.0
4704.wav	10.0
4705.wav	10.0
4706.wav	10.0
4707.wav	10.0
4708.wav	10.0
4709.wav	10.0
4710.wav	10.0
4712.wav	10.0
4714.wav	10.0
4715.wav	10.0
4716.wav	10.0
4717.wav	10.0
4719.wav	10.0
4720.wav	10.0
4721.wav	10.0
4723.wav	10.0
4725.wav	10.0
4726.wav	10.0
4728.wav	10.0
473.wav	10.0
4730.wav	10.0
4734.wav	10.0
4736.wav	10.0
4737.wav	10.0
4739.wav	10.0
474.wav	10.0
4740.wav	10.0
4744.wav	10.0
4745.wav	10.0
4748.wav	10.0
475.wav	10.0
4756.wav	10.0
476.wav	10.0
4763.wav	10.0
4764.wav	10.0
4766.wav	10.0
4768.wav	10.0
4769.wav	10.0
4774.wav	10.0
4778.wav	10.0
4779.wav	10.0
478.wav	10.0
4782.wav	10.0
4786.wav	10.0
4787.wav	10.0
4793.wav	10.0
4797.wav	10.0
4799.wav	10.0
480.wav	10.0
4801.wav	10.0
4802.wav	10.0
4806.wav	10.0
4808.wav	10.0
4810.wav	10.0
4812.wav	10.0
4815.wav	10.0
4816.wav	10.0
4818.wav	10.0
4819.wav	10.0
482.wav	10.0
4820.wav	10.0
4826.wav	10.0
4827.wav	10.0
4828.wav	10.0
4829.wav	10.0
4830.wav	10.0
4833.wav	10.0
4835.wav	10.0
4839.wav	10.0
4840.wav	10.0
4841.wav	10.0
4845.wav	10.0
4847.wav	10.0
4849.wav	10.0
4850.wav	10.0
4852.wav	10.0
4859.wav	10.0
4861.wav	10.0
4868.wav	10.0
487.wav	10.0
4874.wav	10.0
4875.wav	10.0
4879.wav	10.0
4881.wav	10.0
4882.wav	10.0
4885.wav	10.0
4888.wav	10.0
4898.wav	10.0
4899.wav	10.0
49.wav	10.0
490.wav	10.0
4904.wav	10.0
4906.wav	10.0
4907.wav	10.0
4914.wav	10.0
4915.wav	10.0
4916.wav	10.0
4919.wav	10.0
4921.wav	10.0
4923.wav	10.0
4926.wav	10.0
493.wav	10.0
4932.wav	10.0
4934.wav	10.0
4936.wav	10.0
4937.wav	10.0
4938.wav	10.0
4941.wav	10.0
4942.wav	10.0
4944.wav	10.0
4945.wav	10.0
4947.wav	10.0
4948.wav	10.0
4949.wav	10.0
4952.wav	10.0
4953.wav	10.0
4954.wav	10.0
4955.wav	10.0
4956.wav	10.0
4959.wav	10.0
496.wav	10.0
4961.wav	10.0
4963.wav	10.0
4964.wav	10.0
4966.wav	10.0
4967.wav	10.0
4968.wav	10.0
4969.wav	10.0
497.wav	10.0
4971.wav	10.0
4972.wav	10.0
4975.wav	10.0
4976.wav	10.0
498.wav	10.0
4980.wav	10.0
4981.wav	10.0
4986.wav	10.0
4987.wav	10.0
4990.wav	10.0
4991.wav	10.0
4992.wav	10.0
50.wav	10.0
502.wav	10.0
503.wav	10.0
509.wav	10.0
51.wav	10.0
511.wav	10.0
512.wav	10.0
513.wav	10.0
517.wav	10.0
519.wav	10.0
521.wav	10.0
524.wav	10.0
525.wav	10.0
526.wav	10.0
527.wav	10.0
530.wav	10.0
534.wav	10.0
535.wav	10.0
537.wav	10.0
54.wav	10.0
544.wav	10.0
545.wav	10.0
547.wav	10.0
551.wav	10.0
554.wav	10.0
557.wav	10.0
558.wav	10.0
559.wav	10.0
561.wav	10.0
562.wav	10.0
563.wav	10.0
565.wav	10.0
566.wav	10.0
569.wav	10.0
571.wav	10.0
572.wav	10.0
574.wav	10.0
575.wav	10.0
577.wav	10.0
578.wav	10.0
58.wav	10.0
581.wav	10.0
582.wav	10.0
583.wav	10.0
585.wav	10.0
586.wav	10.0
587.wav	10.0
59.wav	10.0
591.wav	10.0
595.wav	10.0
597.wav	10.0
598.wav	10.0
599.wav	10.0
60.wav	10.0
600.wav	10.0
601.wav	10.0
602.wav	10.0
603.wav	10.0
605.wav	10.0
606.wav	10.0
607.wav	10.0
608.wav	10.0
609.wav	10.0
611.wav	10.0
613.wav	10.0
614.wav	10.0
615.wav	10.0
62.wav	10.0
626.wav	10.0
627.wav	10.0
629.wav	10.0
631.wav	10.0
633.wav	10.0
635.wav	10.0
637.wav	10.0
64.wav	10.0
642.wav	10.0
644.wav	10.0
647.wav	10.0
648.wav	10.0
65.wav	10.0
651.wav	10.0
652.wav	10.0
653.wav	10.0
654.wav	10.0
655.wav	10.0
656.wav	10.0
657.wav	10.0
66.wav	10.0
660.wav	10.0
662.wav	10.0
664.wav	10.0
665.wav	10.0
671.wav	10.0
674.wav	10.0
677.wav	10.0
678.wav	10.0
679.wav	10.0
681.wav	10.0
684.wav	10.0
685.wav	10.0
687.wav	10.0
688.wav	10.0
691.wav	10.0
692.wav	10.0
693.wav	10.0
694.wav	10.0
695.wav	10.0
697.wav	10.0
699.wav	10.0
703.wav	10.0
706.wav	10.0
707.wav	10.0
710.wav	10.0
712.wav	10.0
713.wav	10.0
714.wav	10.0
717.wav	10.0
718.wav	10.0
72.wav	10.0
720.wav	10.0
722.wav	10.0
724.wav	10.0
725.wav	10.0
727.wav	10.0
730.wav	10.0
732.wav	10.0
733.wav	10.0
734.wav	10.0
735.wav	10.0
736.wav	10.0
737.wav	10.0
739.wav	10.0
741.wav	10.0
742.wav	10.0
744.wav	10.0
745.wav	10.0
747.wav	10.0
749.wav	10.0
750.wav	10.0
751.wav	10.0
752.wav	10.0
753.wav	10.0
754.wav	10.0
755.wav	10.0
756.wav	10.0
757.wav	10.0
759.wav	10.0
76.wav	10.0
760.wav	10.0
761.wav	10.0
762.wav	10.0
766.wav	10.0
768.wav	10.0
770.wav	10.0
771.wav	10.0
773.wav	10.0
774.wav	10.0
775.wav	10.0
777.wav	10.0
778.wav	10.0
779.wav	10.0
78.wav	10.0
780.wav	10.0
781.wav	10.0
782.wav	10.0
784.wav	10.0
786.wav	10.0
788.wav	10.0
789.wav	10.0
79.wav	10.0
792.wav	10.0
794.wav	10.0
796.wav	10.0
800.wav	10.0
802.wav	10.0
807.wav	10.0
808.wav	10.0
810.wav	10.0
811.wav	10.0
812.wav	10.0
813.wav	10.0
814.wav	10.0
816.wav	10.0
818.wav	10.0
819.wav	10.0
821.wav	10.0
825.wav	10.0
828.wav	10.0
83.wav	10.0
830.wav	10.0
831.wav	10.0
833.wav	10.0
835.wav	10.0
836.wav	10.0
837.wav	10.0
838.wav	10.0
839.wav	10.0
84.wav	10.0
840.wav	10.0
841.wav	10.0
842.wav	10.0
844.wav	10.0
846.wav	10.0
847.wav	10.0
85.wav	10.0
850.wav	10.0
851.wav	10.0
852.wav	10.0
854.wav	10.0
855.wav	10.0
857.wav	10.0
860.wav	10.0
861.wav	10.0
863.wav	10.0
865.wav	10.0
866.wav	10.0
867.wav	10.0
869.wav	10.0
87.wav	10.0
870.wav	10.0
873.wav	10.0
876.wav	10.0
878.wav	10.0
879.wav	10.0
88.wav	10.0
882.wav	10.0
884.wav	10.0
886.wav	10.0
887.wav	10.0
888.wav	10.0
894.wav	10.0
895.wav	10.0
896.wav	10.0
899.wav	10.0
90.wav	10.0
900.wav	10.0
902.wav	10.0
903.wav	10.0
905.wav	10.0
908.wav	10.0
91.wav	10.0
910.wav	10.0
911.wav	10.0
912.wav	10.0
914.wav	10.0
915.wav	10.0
916.wav	10.0
918.wav	10.0
919.wav	10.0
921.wav	10.0
923.wav	10.0
93.wav	10.0
932.wav	10.0
934.wav	10.0
936.wav	10.0
937.wav	10.0
938.wav	10.0
939.wav	10.0
94.wav	10.0
940.wav	10.0
941.wav	10.0
942.wav	10.0
943.wav	10.0
945.wav	10.0
948.wav	10.0
95.wav	10.0
953.wav	10.0
954.wav	10.0
956.wav	10.0
958.wav	10.0
959.wav	10.0
96.wav	10.0
960.wav	10.0
961.wav	10.0
962.wav	10.0
963.wav	10.0
966.wav	10.0
967.wav	10.0
968.wav	10.0
969.wav	10.0
970.wav	10.0
971.wav	10.0
972.wav	10.0
975.wav	10.0
976.wav	10.0
977.wav	10.0
98.wav	10.0
981.wav	10.0
983.wav	10.0
985.wav	10.0
986.wav	10.0
987.wav	10.0
99.wav	10.0
990.wav	10.0
991.wav	10.0
993.wav	10.0
994.wav	10.0
999.wav	10.0
